Last Name,First Name,Company,Email Address,Last Name_valide,First Name_valide,Company_validee,confiance_nom,confiance_prenom,confiance_entreprise,entreprise_citations,entreprise_explication,name_explication,source_validation
Wayne,Bruce,Wayne Enterprises,bruce@wayne.com,Wayne,Bruce,Wayne Enterprises,0.0,0.0,0.0,no_llm,,No LLM client or empty input.,nom:no_llm
Kent,Clark,Daily Planet,clark@dailyplanet.com,Kent,Clark,Daily Planet,0.0,0.0,0.0,no_llm,,No LLM client or empty input.,nom:no_llm
