nom,prenom,raison_sociale,email,nom_valide,prenom_valide,raison_sociale_validee,confiance_nom,confiance_prenom,confiance_entreprise,entreprise_citations,entreprise_explication,source_validation
John,Doe,Google,john.doe@google.com,John,Doe,Google,0.0,0.0,0.0,no_llm,,nom:no_llm
Jane,Smith,ACME Corporation Ltd.,jane.s@acme-corp.net,Jane,Smith,ACME Corporation Ltd.,0.0,0.0,0.0,no_llm,,nom:no_llm
Peter,Jones,Innovatech Solutions SARL,peter@innovatech.ch,Peter,Jones,Innovatech Solutions SARL,0.0,0.0,0.0,no_llm,,nom:no_llm
Alice,Wonder,Globex Inc,,Alice,Wonder,Globex Inc,0.0,0.0,0.0,no_llm,,nom:no_llm
Bob,Builder,Super Plumbing Services LLC,bob.builder@superplumb.co.uk,Bob,Builder,Super Plumbing Services LLC,0.0,0.0,0.0,no_llm,,nom:no_llm
Charlie,Brown,NonExistent Fictional Co,charlie@nonexistent.io,Charlie,Brown,NonExistent Fictional Co,0.0,0.0,0.0,no_llm,,nom:no_llm
David,Copperfield,,david@example.com,David,Copperfield,,0.0,0.0,0.0,no_llm,,nom:no_llm
Eve,Adams,Microsoft Corp,eve@microsoft.com,Eve,Adams,Microsoft Corp,0.0,0.0,0.0,no_llm,,nom:no_llm
Fiona,Gallagher,Gallagher Plumbing and Sons,contact@gallagher-plumbing-sons.local,Fiona,Gallagher,Gallagher Plumbing and Sons,0.0,0.0,0.0,no_llm,,nom:no_llm
